"beta","deepSplit","minModuleSize","mergeCutHeight","n_mods","effD","delta_effD_nMods","globalMedian_mod_cohesion","grey_proportion"
14,0,20,0.15,16,3.25438090916718,12.7456190908328,0.699268184986351,0
14,0,20,0.2,12,3.38796036380053,8.61203963619947,NA,0
14,0,20,0.25,11,3.48922909985228,7.51077090014772,NA,0
14,0,20,0.3,10,3.50711703564066,6.49288296435934,NA,0
14,0,30,0.15,12,2.89821048543331,9.10178951456669,0.667963491135315,0
14,0,30,0.2,10,2.86524584702075,7.13475415297925,0.63183030671278,0
14,0,30,0.25,9,2.85714574717881,6.14285425282119,NA,0
14,0,30,0.3,7,2.79709168231793,4.20290831768207,NA,0
14,0,40,0.15,11,2.70626361896157,8.29373638103843,0.690408188240663,0
14,0,40,0.2,9,2.59868009710484,6.40131990289516,0.660089773575221,0
14,0,40,0.25,8,2.59720744774885,5.40279255225115,NA,0
14,0,40,0.3,6,2.46837219480233,3.53162780519767,NA,0
14,0,50,0.15,10,2.62660241057215,7.37339758942785,0.692031052462942,0
14,0,50,0.2,8,2.73619438719236,5.26380561280764,0.644766485187957,0
14,0,50,0.25,8,2.73619438719236,5.26380561280764,0.644766485187957,0
14,0,50,0.3,6,2.71381294232042,3.28618705767958,NA,0
14,0,60,0.15,10,2.63103236501554,7.36896763498446,0.71651421750241,0
14,0,60,0.2,8,2.74010762604606,5.25989237395394,0.652799367126787,0
14,0,60,0.25,7,2.79682006503797,4.20317993496203,0.618498318631988,0
14,0,60,0.3,6,2.72905445120643,3.27094554879357,NA,0
14,0,70,0.15,10,2.63103236501554,7.36896763498446,0.71651421750241,0
14,0,70,0.2,8,2.74010762604606,5.25989237395394,0.652799367126787,0
14,0,70,0.25,7,2.79682006503797,4.20317993496203,0.618498318631988,0
14,0,70,0.3,6,2.72905445120643,3.27094554879357,NA,0
14,0,80,0.15,10,2.63103236501554,7.36896763498446,0.71651421750241,0
14,0,80,0.2,8,2.74010762604606,5.25989237395394,0.652799367126787,0
14,0,80,0.25,7,2.79682006503797,4.20317993496203,0.618498318631988,0
14,0,80,0.3,6,2.72905445120643,3.27094554879357,NA,0
14,0,90,0.15,10,2.63103236501554,7.36896763498446,0.71651421750241,0
14,0,90,0.2,8,2.74010762604606,5.25989237395394,0.652799367126787,0
14,0,90,0.25,7,2.79682006503797,4.20317993496203,0.618498318631988,0
14,0,90,0.3,6,2.72905445120643,3.27094554879357,NA,0
14,0,100,0.15,10,2.63103236501554,7.36896763498446,0.71651421750241,0
14,0,100,0.2,8,2.74010762604606,5.25989237395394,0.652799367126787,0
14,0,100,0.25,7,2.79682006503797,4.20317993496203,0.618498318631988,0
14,0,100,0.3,6,2.72905445120643,3.27094554879357,NA,0
14,1,20,0.15,20,3.73813716608575,16.2618628339142,NA,0
14,1,20,0.2,17,3.9387976839093,13.0612023160907,NA,0
14,1,20,0.25,15,3.90002354973856,11.0999764502614,NA,0
14,1,20,0.3,14,3.98426791357466,10.0157320864253,NA,0
14,1,30,0.15,16,3.0807329120662,12.9192670879338,NA,0
14,1,30,0.2,12,3.20123302836489,8.79876697163511,NA,0
14,1,30,0.25,10,3.32061712313918,6.67938287686082,NA,0
14,1,30,0.3,10,3.32061712313918,6.67938287686082,NA,0
14,1,40,0.15,14,2.92723153232783,11.0727684676722,0.69918528056639,0
14,1,40,0.2,10,2.9050300534989,7.0949699465011,NA,0
14,1,40,0.25,9,3.00202535346266,5.99797464653734,NA,0
14,1,40,0.3,8,2.97979868559381,5.02020131440619,NA,0
14,1,50,0.15,12,2.84542130964,9.15457869036,0.698878790695948,0
14,1,50,0.2,9,2.89257719570511,6.10742280429489,0.59159307930755,0
14,1,50,0.25,8,2.96552842001649,5.03447157998351,NA,0
14,1,50,0.3,7,2.99432910584275,4.00567089415725,NA,0
14,1,60,0.15,10,2.62703877666252,7.37296122333748,0.692076894302825,0
14,1,60,0.2,8,2.73629048880132,5.26370951119868,0.645719826987218,0
14,1,60,0.25,8,2.73629048880132,5.26370951119868,0.645719826987218,0
14,1,60,0.3,6,2.71455447826095,3.28544552173905,NA,0
14,1,70,0.15,10,2.62703877666252,7.37296122333748,0.692076894302825,0
14,1,70,0.2,8,2.73629048880132,5.26370951119868,0.645719826987218,0
14,1,70,0.25,8,2.73629048880132,5.26370951119868,0.645719826987218,0
14,1,70,0.3,6,2.71455447826095,3.28544552173905,NA,0
14,1,80,0.15,10,2.62703877666252,7.37296122333748,0.692076894302825,0
14,1,80,0.2,8,2.73629048880132,5.26370951119868,0.645719826987218,0
14,1,80,0.25,8,2.73629048880132,5.26370951119868,0.645719826987218,0
14,1,80,0.3,6,2.71455447826095,3.28544552173905,NA,0
14,1,90,0.15,10,2.63065352190699,7.36934647809301,0.71689207766481,0
14,1,90,0.2,8,2.73969960666859,5.26030039333141,0.653093325842223,0
14,1,90,0.25,7,2.79686041482268,4.20313958517732,0.620091180545183,0
14,1,90,0.3,6,2.72885274563534,3.27114725436466,NA,0
14,1,100,0.15,10,2.63065352190699,7.36934647809301,0.71689207766481,0
14,1,100,0.2,8,2.73969960666859,5.26030039333141,0.653093325842223,0
14,1,100,0.25,7,2.79686041482268,4.20313958517732,0.620091180545183,0
14,1,100,0.3,6,2.72885274563534,3.27114725436466,NA,0
14,2,20,0.15,26,3.844483354899,22.155516645101,NA,0
14,2,20,0.2,22,4.08302170353072,17.9169782964693,NA,0
14,2,20,0.25,18,4.4116253009659,13.5883746990341,NA,0
14,2,20,0.3,15,4.31993736924348,10.6800626307565,NA,0
14,2,30,0.15,21,3.66956554248816,17.3304344575118,NA,0
14,2,30,0.2,16,3.91131363103706,12.0886863689629,NA,0
14,2,30,0.25,15,3.9885336716091,11.0114663283909,NA,0
14,2,30,0.3,14,3.99047453477071,10.0095254652293,NA,0
14,2,40,0.15,19,3.65121663366043,15.3487833663396,NA,0
14,2,40,0.2,16,3.85281691572299,12.147183084277,NA,0
14,2,40,0.25,15,3.93907405543651,11.0609259445635,NA,0
14,2,40,0.3,14,4.01649735415992,9.98350264584008,NA,0
14,2,50,0.15,16,3.29837709178815,12.7016229082119,0.658298046368922,0
14,2,50,0.2,13,3.45623754776468,9.54376245223532,NA,0
14,2,50,0.25,11,3.64998957118457,7.35001042881543,NA,0
14,2,50,0.3,11,3.64998957118457,7.35001042881543,NA,0
14,2,60,0.15,13,3.10002351933207,9.89997648066793,0.654891752233624,0
14,2,60,0.2,12,3.15603250255021,8.84396749744979,0.607404675174711,0
14,2,60,0.25,9,3.34927313986107,5.65072686013893,NA,0
14,2,60,0.3,9,3.34927313986107,5.65072686013893,NA,0
14,2,70,0.15,13,3.10002351933207,9.89997648066793,0.654891752233624,0
14,2,70,0.2,12,3.15603250255021,8.84396749744979,0.607404675174711,0
14,2,70,0.25,9,3.34927313986107,5.65072686013893,NA,0
14,2,70,0.3,9,3.34927313986107,5.65072686013893,NA,0
14,2,80,0.15,12,2.8614595581671,9.13854044183289,0.698623738921952,0
14,2,80,0.2,11,2.91270020543637,8.08729979456363,0.611159765545297,0
14,2,80,0.25,8,3.01681928768964,4.98318071231036,NA,0
14,2,80,0.3,8,3.01681928768964,4.98318071231036,NA,0
14,2,90,0.15,12,2.82074186427383,9.17925813572617,0.718403348890689,0
14,2,90,0.2,9,2.8351168386443,6.1648831613557,0.607239923991714,0
14,2,90,0.25,8,2.96041225315818,5.03958774684182,NA,0
14,2,90,0.3,7,3.04115340399055,3.95884659600945,NA,0
14,2,100,0.15,12,2.82074186427383,9.17925813572617,0.718403348890689,0
14,2,100,0.2,9,2.8351168386443,6.1648831613557,0.607239923991714,0
14,2,100,0.25,8,2.96041225315818,5.03958774684182,NA,0
14,2,100,0.3,7,3.04115340399055,3.95884659600945,NA,0
14,3,20,0.15,41,4.36206283028329,36.6379371697167,NA,0
14,3,20,0.2,31,4.81172497297296,26.188275027027,NA,0
14,3,20,0.25,24,5.04165186510768,18.9583481348923,NA,0
14,3,20,0.3,20,4.80525508672048,15.1947449132795,NA,0
14,3,30,0.15,28,3.80620325136602,24.193796748634,0.692302664847466,0
14,3,30,0.2,20,4.13563831545721,15.8643616845428,NA,0
14,3,30,0.25,18,4.25804908662347,13.7419509133765,NA,0
14,3,30,0.3,16,4.09639906873537,11.9036009312646,NA,0
14,3,40,0.15,21,3.70459247071761,17.2954075292824,NA,0
14,3,40,0.2,18,3.84493026117792,14.1550697388221,NA,0
14,3,40,0.25,15,4.05366800101318,10.9463319989868,NA,0
14,3,40,0.3,13,3.99136405419914,9.00863594580086,NA,0
14,3,50,0.15,17,3.4966166158047,13.5033833841953,0.642507177463,0
14,3,50,0.2,14,3.65416612382871,10.3458338761713,NA,0
14,3,50,0.25,13,3.74652445623463,9.25347554376537,NA,0
14,3,50,0.3,12,3.75804926739921,8.2419507326008,NA,0
14,3,60,0.15,15,3.33704398026801,11.662956019732,0.639793159200495,0
14,3,60,0.2,12,3.59509324910455,8.40490675089545,NA,0
14,3,60,0.25,11,3.69919352554627,7.30080647445373,NA,0
14,3,60,0.3,11,3.69919352554627,7.30080647445373,NA,0
14,3,70,0.15,15,3.33704398026801,11.662956019732,0.639793159200495,0
14,3,70,0.2,12,3.59509324910455,8.40490675089545,NA,0
14,3,70,0.25,11,3.69919352554627,7.30080647445373,NA,0
14,3,70,0.3,11,3.69919352554627,7.30080647445373,NA,0
14,3,80,0.15,15,3.33704398026801,11.662956019732,0.639793159200495,0
14,3,80,0.2,12,3.59509324910455,8.40490675089545,NA,0
14,3,80,0.25,11,3.69919352554627,7.30080647445373,NA,0
14,3,80,0.3,11,3.69919352554627,7.30080647445373,NA,0
14,3,90,0.15,15,3.37502390851445,11.6249760914855,0.660137969402757,0
14,3,90,0.2,12,3.51532313755714,8.48467686244286,NA,0
14,3,90,0.25,11,3.63578978060833,7.36421021939167,NA,0
14,3,90,0.3,10,3.70619305128566,6.29380694871434,NA,0
14,3,100,0.15,14,3.30104681660789,10.6989531833921,0.688843197057841,0
14,3,100,0.2,11,3.39809309907438,7.60190690092562,0.606466353078971,0
14,3,100,0.25,10,3.54618914053434,6.45381085946566,NA,0
14,3,100,0.3,9,3.61432990401693,5.38567009598307,NA,0
14,4,20,0.15,41,4.49310589593953,36.5068941040605,0.694357838750385,0
14,4,20,0.2,33,4.83249765488639,28.1675023451136,NA,0
14,4,20,0.25,23,5.00253503466966,17.9974649653303,NA,0
14,4,20,0.3,19,4.89169929647197,14.108300703528,NA,0
14,4,30,0.15,27,3.81585147210479,23.1841485278952,0.68975428459111,0
14,4,30,0.2,20,4.12869087853366,15.8713091214663,NA,0
14,4,30,0.25,18,4.2428994953881,13.7571005046119,NA,0
14,4,30,0.3,16,4.08339718963917,11.9166028103608,NA,0
14,4,40,0.15,21,3.69306738005952,17.3069326199405,NA,0
14,4,40,0.2,18,3.83506982054055,14.1649301794595,NA,0
14,4,40,0.25,16,3.98182678615538,12.0181732138446,NA,0
14,4,40,0.3,13,3.96696428661867,9.03303571338133,NA,0
14,4,50,0.15,17,3.5455504082077,13.4544495917923,0.642460741571962,0
14,4,50,0.2,14,3.73381141161227,10.2661885883877,NA,0
14,4,50,0.25,13,3.83988845936475,9.16011154063525,NA,0
14,4,50,0.3,12,3.85585646079771,8.14414353920229,NA,0
14,4,60,0.15,15,3.38135620606479,11.6186437939352,0.643797994206577,0
14,4,60,0.2,12,3.68072404170462,8.31927595829538,NA,0
14,4,60,0.25,11,3.80173202604908,7.19826797395092,NA,0
14,4,60,0.3,11,3.80173202604908,7.19826797395092,NA,0
14,4,70,0.15,15,3.38135620606479,11.6186437939352,0.643797994206577,0
14,4,70,0.2,12,3.68072404170462,8.31927595829538,NA,0
14,4,70,0.25,11,3.80173202604908,7.19826797395092,NA,0
14,4,70,0.3,11,3.80173202604908,7.19826797395092,NA,0
14,4,80,0.15,15,3.38135620606479,11.6186437939352,0.643797994206577,0
14,4,80,0.2,12,3.68072404170462,8.31927595829538,NA,0
14,4,80,0.25,11,3.80173202604908,7.19826797395092,NA,0
14,4,80,0.3,11,3.80173202604908,7.19826797395092,NA,0
14,4,90,0.15,15,3.42813525315003,11.57186474685,0.66221777509756,0
14,4,90,0.2,12,3.59327573843832,8.40672426156168,NA,0
14,4,90,0.25,11,3.72544780089461,7.27455219910539,NA,0
14,4,90,0.3,10,3.81250323131493,6.18749676868507,NA,0
14,4,100,0.15,14,3.35322893100712,10.6467710689929,0.690725215669926,0
14,4,100,0.2,11,3.47954709881833,7.52045290118167,0.609264196555771,0
14,4,100,0.25,10,3.64244555899362,6.35755444100638,NA,0
14,4,100,0.3,9,3.73359076489592,5.26640923510408,NA,0
16,0,20,0.15,14,3.30621991163015,10.6937800883699,0.691389926271256,0
16,0,20,0.2,13,3.37260294859467,9.62739705140533,NA,0
16,0,20,0.25,10,3.609060367194,6.390939632806,NA,0
16,0,20,0.3,9,3.51822042225787,5.48177957774213,NA,0
16,0,30,0.15,12,3.19000612599717,8.80999387400283,0.693962949477906,0
16,0,30,0.2,11,3.2169805700769,7.7830194299231,NA,0
16,0,30,0.25,8,3.41701008927504,4.58298991072496,NA,0
16,0,30,0.3,7,3.43277363344427,3.56722636655573,NA,0
16,0,40,0.15,11,2.87081551697324,8.12918448302676,0.690018023899268,0
16,0,40,0.2,10,2.84239079888687,7.15760920111313,NA,0
16,0,40,0.25,7,2.94039952198804,4.05960047801196,NA,0
16,0,40,0.3,6,2.93707097448568,3.06292902551432,NA,0
16,0,50,0.15,11,2.84581964368416,8.15418035631584,0.694199660763806,0
16,0,50,0.2,10,2.93860058789325,7.06139941210675,0.684330635681244,0
16,0,50,0.25,7,3.08147971423225,3.91852028576775,NA,0
16,0,50,0.3,6,3.12235794707406,2.87764205292594,NA,0
16,0,60,0.15,10,2.82888693918828,7.17111306081172,0.686767365383846,0
16,0,60,0.2,9,2.93028677622616,6.06971322377384,0.674216567874757,0
16,0,60,0.25,7,3.08502884702493,3.91497115297507,0.620502510160028,0
16,0,60,0.3,6,3.12422993946335,2.87577006053665,NA,0
16,0,70,0.15,10,2.82411515398944,7.17588484601056,0.70781893647701,0
16,0,70,0.2,7,3.07665554237356,3.92334445762644,0.635229925800382,0
16,0,70,0.25,7,3.07665554237356,3.92334445762644,0.635229925800382,0
16,0,70,0.3,6,3.12310058360218,2.87689941639782,0.569630030311565,0
16,0,80,0.15,10,2.82411515398944,7.17588484601056,0.70781893647701,0
16,0,80,0.2,7,3.07665554237356,3.92334445762644,0.635229925800382,0
16,0,80,0.25,7,3.07665554237356,3.92334445762644,0.635229925800382,0
16,0,80,0.3,6,3.12310058360218,2.87689941639782,0.569630030311565,0
16,0,90,0.15,9,2.85634844618281,6.14365155381719,0.695971698386537,0
16,0,90,0.2,7,3.07665554237356,3.92334445762644,0.635229925800382,0
16,0,90,0.25,7,3.07665554237356,3.92334445762644,0.635229925800382,0
16,0,90,0.3,6,3.12310058360218,2.87689941639782,0.569630030311565,0
16,0,100,0.15,9,2.85634844618281,6.14365155381719,0.695971698386537,0
16,0,100,0.2,7,3.07665554237356,3.92334445762644,0.635229925800382,0
16,0,100,0.25,7,3.07665554237356,3.92334445762644,0.635229925800382,0
16,0,100,0.3,6,3.12310058360218,2.87689941639782,0.569630030311565,0
16,1,20,0.15,21,3.83989475720138,17.1601052427986,0.680200046500564,0
16,1,20,0.2,19,3.87629042668768,15.1237095733123,0.673983953961625,0
16,1,20,0.25,15,3.93623783108868,11.0637621689113,NA,0
16,1,20,0.3,13,3.93772799176976,9.06227200823025,NA,0
16,1,30,0.15,18,3.55059138570561,14.4494086142944,0.678688487058475,0
16,1,30,0.2,14,3.70776957460722,10.2922304253928,NA,0
16,1,30,0.25,13,3.67969073543226,9.32030926456774,NA,0
16,1,30,0.3,12,3.67674947060265,8.32325052939735,NA,0
16,1,40,0.15,14,3.11315767376667,10.8868423262333,0.687773508960448,0
16,1,40,0.2,10,3.23562591006108,6.76437408993892,0.604352004000841,0
16,1,40,0.25,10,3.23562591006108,6.76437408993892,0.596980859837297,0
16,1,40,0.3,9,3.19260972136994,5.80739027863006,0.594873511018257,0
16,1,50,0.15,13,2.91798218202154,10.0820178179785,0.685504389426856,0
16,1,50,0.2,10,3.00519140400917,6.99480859599083,0.644514484123317,0
16,1,50,0.25,9,3.11026414993053,5.88973585006947,0.592348413426369,0
16,1,50,0.3,8,3.10794433828053,4.89205566171947,NA,0
16,1,60,0.15,12,2.90169013935126,9.09830986064874,0.677159421500962,0
16,1,60,0.2,9,3.11097890215156,5.88902109784844,0.611723148164385,0
16,1,60,0.25,9,3.11097890215156,5.88902109784844,0.611723148164385,0
16,1,60,0.3,8,3.10856736000154,4.89143263999846,NA,0
16,1,70,0.15,10,2.82825603248807,7.17174396751193,0.686767365383846,0
16,1,70,0.2,9,2.92980873162303,6.07019126837697,0.673717353192422,0
16,1,70,0.25,7,3.08494497138088,3.91505502861912,0.620003295477693,0
16,1,70,0.3,6,3.12421104238929,2.87578895761071,NA,0
16,1,80,0.15,10,2.82825603248807,7.17174396751193,0.686767365383846,0
16,1,80,0.2,9,2.92980873162303,6.07019126837697,0.673717353192422,0
16,1,80,0.25,7,3.08494497138088,3.91505502861912,0.620003295477693,0
16,1,80,0.3,6,3.12421104238929,2.87578895761071,NA,0
16,1,90,0.15,10,2.82825603248807,7.17174396751193,0.686767365383846,0
16,1,90,0.2,9,2.92980873162303,6.07019126837697,0.673717353192422,0
16,1,90,0.25,7,3.08494497138088,3.91505502861912,0.620003295477693,0
16,1,90,0.3,6,3.12421104238929,2.87578895761071,NA,0
16,1,100,0.15,10,2.82825603248807,7.17174396751193,0.686767365383846,0
16,1,100,0.2,9,2.92980873162303,6.07019126837697,0.673717353192422,0
16,1,100,0.25,7,3.08494497138088,3.91505502861912,0.620003295477693,0
16,1,100,0.3,6,3.12421104238929,2.87578895761071,NA,0
16,2,20,0.15,33,4.17649011188877,28.8235098881112,NA,0
16,2,20,0.2,25,4.3287645360632,20.6712354639368,NA,0
16,2,20,0.25,20,4.16923182004964,15.8307681799504,NA,0
16,2,20,0.3,15,4.31319572292883,10.6868042770712,NA,0
16,2,30,0.15,23,3.64825727381755,19.3517427261825,0.699397900496054,0
16,2,30,0.2,19,3.74035538833088,15.2596446116691,NA,0
16,2,30,0.25,15,3.75186008200905,11.2481399179909,NA,0
16,2,30,0.3,13,3.82379677066027,9.17620322933973,NA,0
16,2,40,0.15,19,3.44782512013657,15.5521748798634,0.698670210140739,0
16,2,40,0.2,15,3.46540522374125,11.5345947762588,NA,0
16,2,40,0.25,12,3.5665717039632,8.4334282960368,NA,0
16,2,40,0.3,11,3.52958051660301,7.47041948339699,NA,0
16,2,50,0.15,16,3.18181968011429,12.8181803198857,0.699954206283456,0
16,2,50,0.2,12,3.26157982759424,8.73842017240576,NA,0
16,2,50,0.25,10,3.34369781368035,6.65630218631965,NA,0
16,2,50,0.3,9,3.3565055925237,5.6434944074763,NA,0
16,2,60,0.15,15,3.22200820436276,11.7779917956372,0.688023975586331,0
16,2,60,0.2,12,3.26526531492362,8.73473468507638,NA,0
16,2,60,0.25,10,3.34517197002322,6.65482802997678,NA,0
16,2,60,0.3,9,3.35626941880789,5.64373058119211,NA,0
16,2,70,0.15,12,3.04384530803387,8.95615469196613,0.675199156347345,0
16,2,70,0.2,11,3.14543549129437,7.85456450870563,0.670166287235701,0
16,2,70,0.25,9,3.22417963668755,5.77582036331245,0.639673558311459,0
16,2,70,0.3,8,3.23910853334003,4.76089146665997,NA,0
16,2,80,0.15,11,2.84140445629869,8.15859554370131,0.676603271494225,0
16,2,80,0.2,10,2.91998101147711,7.08001898852289,0.673795041200466,0
16,2,80,0.25,8,2.92438068042981,5.07561931957019,NA,0
16,2,80,0.3,7,2.93439668580504,4.06560331419496,NA,0
16,2,90,0.15,11,2.84140445629869,8.15859554370131,0.676603271494225,0
16,2,90,0.2,10,2.91998101147711,7.08001898852289,0.673795041200466,0
16,2,90,0.25,8,2.92438068042981,5.07561931957019,NA,0
16,2,90,0.3,7,2.93439668580504,4.06560331419496,NA,0
16,2,100,0.15,11,2.84140445629869,8.15859554370131,0.676603271494225,0
16,2,100,0.2,10,2.91998101147711,7.08001898852289,0.673795041200466,0
16,2,100,0.25,8,2.92438068042981,5.07561931957019,NA,0
16,2,100,0.3,7,2.93439668580504,4.06560331419496,NA,0
16,3,20,0.15,42,4.41262983235555,37.5873701676444,NA,0
16,3,20,0.2,33,4.62593175038038,28.3740682496196,NA,0
16,3,20,0.25,22,4.80845763772421,17.1915423622758,NA,0
16,3,20,0.3,17,4.66942466723474,12.3305753327653,NA,0
16,3,30,0.15,29,3.92791208225361,25.0720879177464,NA,0
16,3,30,0.2,24,4.0528040362219,19.9471959637781,NA,0
16,3,30,0.25,18,4.14299022712282,13.8570097728772,NA,0
16,3,30,0.3,15,4.27613602171059,10.7238639782894,NA,0
16,3,40,0.15,24,3.68500927848867,20.3149907215113,0.674320162579066,0
16,3,40,0.2,18,3.86529252741102,14.134707472589,NA,0
16,3,40,0.25,15,3.96522046148881,11.0347795385112,NA,0
16,3,40,0.3,14,4.01115011404977,9.98884988595023,NA,0
16,3,50,0.15,20,3.50578396624118,16.4942160337588,0.673131862609317,0
16,3,50,0.2,15,3.74046001339924,11.2595399866008,NA,0
16,3,50,0.25,13,3.80281695233621,9.19718304766379,NA,0
16,3,50,0.3,12,3.84563987392731,8.15436012607269,NA,0
16,3,60,0.15,19,3.53172337018765,15.4682766298124,0.674099389973137,0
16,3,60,0.2,15,3.80976517025043,11.1902348297496,0.632268871381726,0
16,3,60,0.25,13,3.80654709316656,9.19345290683344,NA,0
16,3,60,0.3,12,3.84567812623953,8.15432187376047,NA,0
16,3,70,0.15,14,3.23462796745121,10.7653720325488,0.666328329371702,0
16,3,70,0.2,10,3.46560095150636,6.53439904849364,NA,0
16,3,70,0.25,10,3.46560095150636,6.53439904849364,NA,0
16,3,70,0.3,9,3.50863045240132,5.49136954759867,NA,0
16,3,80,0.15,13,3.02873121488314,9.97126878511686,0.671092293390434,0
16,3,80,0.2,9,3.24670594655114,5.75329405344886,0.619539273812842,0
16,3,80,0.25,9,3.24670594655114,5.75329405344886,0.619539273812842,0
16,3,80,0.3,8,3.32108581304079,4.67891418695921,NA,0
16,3,90,0.15,13,3.02873121488314,9.97126878511686,0.671092293390434,0
16,3,90,0.2,9,3.24670594655114,5.75329405344886,0.619539273812842,0
16,3,90,0.25,9,3.24670594655114,5.75329405344886,0.619539273812842,0
16,3,90,0.3,8,3.32108581304079,4.67891418695921,NA,0
16,3,100,0.15,13,3.02873121488314,9.97126878511686,0.671092293390434,0
16,3,100,0.2,9,3.24670594655114,5.75329405344886,0.619539273812842,0
16,3,100,0.25,9,3.24670594655114,5.75329405344886,0.619539273812842,0
16,3,100,0.3,8,3.32108581304079,4.67891418695921,NA,0
16,4,20,0.15,43,4.51703976063684,38.4829602393632,NA,0
16,4,20,0.2,31,4.77017892225027,26.2298210777497,NA,0
16,4,20,0.25,23,4.89818685082758,18.1018131491724,NA,0
16,4,20,0.3,17,5.061783814127,11.938216185873,NA,0
16,4,30,0.15,29,3.88434896059723,25.1156510394028,NA,0
16,4,30,0.2,24,4.1040679280062,19.8959320719938,NA,0
16,4,30,0.25,18,4.13820324779489,13.8617967522051,NA,0
16,4,30,0.3,14,4.20305680785859,9.79694319214141,NA,0
16,4,40,0.15,24,3.68333011411606,20.3166698858839,NA,0
16,4,40,0.2,19,3.85486970408304,15.145130295917,NA,0
16,4,40,0.25,15,3.9708976547917,11.0291023452083,NA,0
16,4,40,0.3,14,4.01504677569913,9.98495322430087,NA,0
16,4,50,0.15,20,3.504653220646,16.495346779354,0.671965696718204,0
16,4,50,0.2,14,3.81739311050316,10.1826068894968,NA,0
16,4,50,0.25,13,3.80767484196847,9.19232515803153,NA,0
16,4,50,0.3,12,3.84923191661908,8.15076808338092,NA,0
16,4,60,0.15,19,3.52848665453586,15.4715133454641,0.671763677600152,0
16,4,60,0.2,15,3.80523384333604,11.194766156664,0.635879400672462,0
16,4,60,0.25,13,3.80700979088106,9.19299020911894,NA,0
16,4,60,0.3,12,3.84928507881801,8.15071492118198,NA,0
16,4,70,0.15,14,3.23474982989754,10.7652501701025,0.666060893426106,0
16,4,70,0.2,10,3.4630432232418,6.5369567767582,NA,0
16,4,70,0.25,10,3.4630432232418,6.5369567767582,NA,0
16,4,70,0.3,9,3.50699272309842,5.49300727690158,NA,0
16,4,80,0.15,13,3.02702509010954,9.97297490989046,0.667338308590334,0
16,4,80,0.2,9,3.24359656087436,5.75640343912564,NA,0
16,4,80,0.25,9,3.24359656087436,5.75640343912564,NA,0
16,4,80,0.3,8,3.32133431224602,4.67866568775398,NA,0
16,4,90,0.15,13,3.02702509010954,9.97297490989046,0.667338308590334,0
16,4,90,0.2,9,3.24359656087436,5.75640343912564,NA,0
16,4,90,0.25,9,3.24359656087436,5.75640343912564,NA,0
16,4,90,0.3,8,3.32133431224602,4.67866568775398,NA,0
16,4,100,0.15,13,3.02702509010954,9.97297490989046,0.667338308590334,0
16,4,100,0.2,9,3.24359656087436,5.75640343912564,NA,0
16,4,100,0.25,9,3.24359656087436,5.75640343912564,NA,0
16,4,100,0.3,8,3.32133431224602,4.67866568775398,NA,0
18,0,20,0.15,15,3.27895927330175,11.7210407266982,0.703701234262092,0
18,0,20,0.2,11,3.59686062502289,7.40313937497711,NA,0
18,0,20,0.25,10,3.66594225674562,6.33405774325438,NA,0
18,0,20,0.3,10,3.66594225674562,6.33405774325438,NA,0
18,0,30,0.15,13,3.3578600494427,9.6421399505573,0.714752901684805,0
18,0,30,0.2,9,3.75500184954949,5.24499815045051,NA,0
18,0,30,0.25,8,3.87670069739002,4.12329930260998,NA,0
18,0,30,0.3,8,3.87670069739002,4.12329930260998,NA,0
18,0,40,0.15,11,2.89243909792094,8.10756090207905,0.712455257009731,0
18,0,40,0.2,7,3.17340598626701,3.82659401373299,0.689658922861089,0
18,0,40,0.25,6,3.20346976590679,2.79653023409321,NA,0
18,0,40,0.3,6,3.20346976590679,2.79653023409321,NA,0
18,0,50,0.15,11,2.87780338478331,8.12219661521669,0.715382973556482,0
18,0,50,0.2,7,3.1725644742348,3.8274355257652,0.538485907725336,0
18,0,50,0.25,7,3.1725644742348,3.8274355257652,0.538485907725336,0
18,0,50,0.3,6,3.19991857556988,2.80008142443012,NA,0
18,0,60,0.15,11,2.92487129626927,8.07512870373073,0.715382973556482,0
18,0,60,0.2,9,3.01893183836202,5.98106816163798,0.707984714230562,0
18,0,60,0.25,6,3.23702738944186,2.76297261055814,0.538485907725336,0
18,0,60,0.3,6,3.23702738944186,2.76297261055814,0.538485907725336,0
18,0,70,0.15,11,2.92487129626927,8.07512870373073,0.715382973556482,0
18,0,70,0.2,9,3.01893183836202,5.98106816163798,0.707984714230562,0
18,0,70,0.25,6,3.23702738944186,2.76297261055814,0.538485907725336,0
18,0,70,0.3,6,3.23702738944186,2.76297261055814,0.538485907725336,0
18,0,80,0.15,10,2.91941150585877,7.08058849414123,0.712456116308225,0
18,0,80,0.2,9,3.01846776605617,5.98153223394383,0.705041825768249,0
18,0,80,0.25,6,3.23747916302759,2.76252083697241,0.510772534138523,0
18,0,80,0.3,6,3.23747916302759,2.76252083697241,0.510772534138523,0
18,0,90,0.15,10,2.91941150585877,7.08058849414123,0.712456116308225,0
18,0,90,0.2,9,3.01846776605617,5.98153223394383,0.705041825768249,0
18,0,90,0.25,6,3.23747916302759,2.76252083697241,0.510772534138523,0
18,0,90,0.3,6,3.23747916302759,2.76252083697241,0.510772534138523,0
18,0,100,0.15,10,2.91941150585877,7.08058849414123,0.712456116308225,0
18,0,100,0.2,9,3.01846776605617,5.98153223394383,0.705041825768249,0
18,0,100,0.25,6,3.23747916302759,2.76252083697241,0.510772534138523,0
18,0,100,0.3,6,3.23747916302759,2.76252083697241,0.510772534138523,0
18,1,20,0.15,21,3.74275512636707,17.2572448736329,NA,0
18,1,20,0.2,17,3.90569831405827,13.0943016859417,NA,0
18,1,20,0.25,14,3.87449652889295,10.125503471107,NA,0
18,1,20,0.3,12,3.87731982593955,8.12268017406045,NA,0
18,1,30,0.15,17,3.52320256355447,13.4767974364455,NA,0
18,1,30,0.2,15,3.75366752602731,11.2463324739727,0.647892705053275,0
18,1,30,0.25,13,3.76471577362006,9.23528422637994,NA,0
18,1,30,0.3,12,3.71770355566799,8.28229644433201,NA,0
18,1,40,0.15,13,2.93507141450166,10.0649285854983,0.698942595357378,0
18,1,40,0.2,10,3.04302158911103,6.95697841088897,NA,0
18,1,40,0.25,9,2.95268348987893,6.04731651012107,NA,0
18,1,40,0.3,8,2.95726332141252,5.04273667858748,NA,0
18,1,50,0.15,13,2.95915240088717,10.0408475991128,0.704132656569202,0
18,1,50,0.2,9,3.07958534359966,5.92041465640034,NA,0
18,1,50,0.25,9,3.07958534359966,5.92041465640034,NA,0
18,1,50,0.3,8,3.11273076901758,4.88726923098242,NA,0
18,1,60,0.15,11,2.87673917597204,8.12326082402796,0.718482876760954,0
18,1,60,0.2,7,3.17124819976036,3.82875180023964,0.538485907725336,0
18,1,60,0.25,7,3.17124819976036,3.82875180023964,0.538485907725336,0
18,1,60,0.3,6,3.19994713782804,2.80005286217196,NA,0
18,1,70,0.15,11,2.87673917597204,8.12326082402796,0.718482876760954,0
18,1,70,0.2,7,3.17124819976036,3.82875180023964,0.538485907725336,0
18,1,70,0.25,7,3.17124819976036,3.82875180023964,0.538485907725336,0
18,1,70,0.3,6,3.19994713782804,2.80005286217196,NA,0
18,1,80,0.15,11,2.92357388727413,8.07642611272587,0.71703085852629,0
18,1,80,0.2,9,3.01765982429878,5.98234017570122,0.707917595835121,0
18,1,80,0.25,6,3.23699472221808,2.76300527778192,0.538485907725336,0
18,1,80,0.3,6,3.23699472221808,2.76300527778192,0.538485907725336,0
18,1,90,0.15,11,2.92357388727413,8.07642611272587,0.71703085852629,0
18,1,90,0.2,9,3.01765982429878,5.98234017570122,0.707917595835121,0
18,1,90,0.25,6,3.23699472221808,2.76300527778192,0.538485907725336,0
18,1,90,0.3,6,3.23699472221808,2.76300527778192,0.538485907725336,0
18,1,100,0.15,11,2.92357388727413,8.07642611272587,0.71703085852629,0
18,1,100,0.2,9,3.01765982429878,5.98234017570122,0.707917595835121,0
18,1,100,0.25,6,3.23699472221808,2.76300527778192,0.538485907725336,0
18,1,100,0.3,6,3.23699472221808,2.76300527778192,0.538485907725336,0
18,2,20,0.15,28,4.05421628795626,23.9457837120437,NA,0
18,2,20,0.2,23,4.16244053382616,18.8375594661738,NA,0
18,2,20,0.25,18,4.10354499500938,13.8964550049906,NA,0
18,2,20,0.3,14,4.06449576784391,9.93550423215609,NA,0
18,2,30,0.15,22,3.80992654741067,18.1900734525893,0.67484531780376,0
18,2,30,0.2,19,3.92739328649988,15.0726067135001,NA,0
18,2,30,0.25,14,4.03603329917482,9.96396670082518,NA,0
18,2,30,0.3,13,3.9775462000007,9.0224537999993,NA,0
18,2,40,0.15,17,3.21064202284106,13.7893579771589,0.662534173846405,0
18,2,40,0.2,15,3.30716782869528,11.6928321713047,NA,0
18,2,40,0.25,11,3.26659927731929,7.73340072268071,NA,0
18,2,40,0.3,11,3.26659927731929,7.73340072268071,NA,0
18,2,50,0.15,15,3.05055288958575,11.9494471104142,0.697268740835879,0
18,2,50,0.2,12,3.11132902314414,8.88867097685586,NA,0
18,2,50,0.25,9,3.07918634926553,5.92081365073447,NA,0
18,2,50,0.3,8,3.09819534018807,4.90180465981193,NA,0
18,2,60,0.15,14,2.94516641807934,11.0548335819207,0.695627168883291,0
18,2,60,0.2,11,3.01223292508857,7.98776707491143,0.628749648581711,0
18,2,60,0.25,9,3.07225737831865,5.92774262168135,NA,0
18,2,60,0.3,8,3.09210440717107,4.90789559282893,NA,0
18,2,70,0.15,13,2.86358825251325,10.1364117474867,0.702513078332183,0
18,2,70,0.2,9,2.98518897044148,6.01481102955852,NA,0
18,2,70,0.25,8,3.03881508223727,4.96118491776273,NA,0
18,2,70,0.3,8,3.03881508223727,4.96118491776273,NA,0
18,2,80,0.15,12,2.9062888779134,9.0937111220866,0.714106886589484,0
18,2,80,0.2,10,2.98339111936974,7.01660888063026,0.689440060376736,0
18,2,80,0.25,7,3.08453709197341,3.91546290802659,NA,0
18,2,80,0.3,7,3.08453709197341,3.91546290802659,NA,0
18,2,90,0.15,11,2.92236608981375,8.07763391018625,0.722046391862552,0
18,2,90,0.2,9,3.01674198705045,5.98325801294955,0.706167381316414,0
18,2,90,0.25,6,3.23147914848876,2.76852085151124,0.511348602343286,0
18,2,90,0.3,6,3.23147914848876,2.76852085151124,0.511348602343286,0
18,2,100,0.15,11,2.92236608981375,8.07763391018625,0.722046391862552,0
18,2,100,0.2,9,3.01674198705045,5.98325801294955,0.706167381316414,0
18,2,100,0.25,6,3.23147914848876,2.76852085151124,0.511348602343286,0
18,2,100,0.3,6,3.23147914848876,2.76852085151124,0.511348602343286,0
18,3,20,0.15,36,4.50261741980501,31.497382580195,NA,0
18,3,20,0.2,31,4.57417073169565,26.4258292683043,NA,0
18,3,20,0.25,21,4.7138577059491,16.2861422940509,NA,0
18,3,20,0.3,19,4.80067600710059,14.1993239928994,NA,0
18,3,30,0.15,29,4.10676827697417,24.8932317230258,0.689523278044732,0
18,3,30,0.2,22,4.17990424559047,17.8200957544095,NA,0
18,3,30,0.25,17,4.24523347952192,12.7547665204781,NA,0
18,3,30,0.3,14,4.35717597700315,9.64282402299684,NA,0
18,3,40,0.15,21,3.50765636038382,17.4923436396162,0.669853893725302,0
18,3,40,0.2,16,3.64568005942873,12.3543199405713,NA,0
18,3,40,0.25,14,3.59178734424322,10.4082126557568,NA,0
18,3,40,0.3,12,3.79230321646138,8.20769678353862,NA,0
18,3,50,0.15,18,3.44435175621863,14.5556482437814,0.67374648448545,0
18,3,50,0.2,14,3.72649862847564,10.2735013715244,0.647023418796346,0
18,3,50,0.25,12,3.74004006562809,8.25995993437191,NA,0
18,3,50,0.3,11,3.83644974915006,7.16355025084994,NA,0
18,3,60,0.15,18,3.44435175621863,14.5556482437814,0.67374648448545,0
18,3,60,0.2,14,3.72649862847564,10.2735013715244,0.647023418796346,0
18,3,60,0.25,12,3.74004006562809,8.25995993437191,NA,0
18,3,60,0.3,11,3.83644974915006,7.16355025084994,NA,0
18,3,70,0.15,16,3.31723399373023,12.6827660062698,0.682095963638968,0
18,3,70,0.2,11,3.69367344127655,7.30632655872345,NA,0
18,3,70,0.25,11,3.69367344127655,7.30632655872345,NA,0
18,3,70,0.3,11,3.69367344127655,7.30632655872345,NA,0
18,3,80,0.15,14,3.40428029294269,10.5957197070573,0.66875344413714,0
18,3,80,0.2,13,3.43189610857919,9.56810389142081,0.643208722488953,0
18,3,80,0.25,10,3.56923984023321,6.43076015976679,NA,0
18,3,80,0.3,10,3.56923984023321,6.43076015976679,NA,0
18,3,90,0.15,12,3.10794899249234,8.89205100750766,0.695975227194896,0
18,3,90,0.2,10,3.0980002831582,6.9019997168418,NA,0
18,3,90,0.25,8,3.25126689362319,4.74873310637681,NA,0
18,3,90,0.3,8,3.25126689362319,4.74873310637681,NA,0
18,3,100,0.15,12,3.10794899249234,8.89205100750766,0.695975227194896,0
18,3,100,0.2,10,3.0980002831582,6.9019997168418,NA,0
18,3,100,0.25,8,3.25126689362319,4.74873310637681,NA,0
18,3,100,0.3,8,3.25126689362319,4.74873310637681,NA,0
18,4,20,0.15,38,4.54379165193985,33.4562083480602,NA,0
18,4,20,0.2,32,4.70200537703295,27.297994622967,NA,0
18,4,20,0.25,23,4.9374874986713,18.0625125013287,NA,0
18,4,20,0.3,20,4.9774571668698,15.0225428331302,NA,0
18,4,30,0.15,28,4.07919334151402,23.920806658486,NA,0
18,4,30,0.2,22,4.20601384084359,17.7939861591564,NA,0
18,4,30,0.25,17,4.17031958925638,12.8296804107436,NA,0
18,4,30,0.3,15,4.35841836311225,10.6415816368877,NA,0
18,4,40,0.15,21,3.50536819374453,17.4946318062555,0.658468790580567,0
18,4,40,0.2,16,3.64415134798575,12.3558486520143,NA,0
18,4,40,0.25,14,3.5879903310248,10.4120096689752,NA,0
18,4,40,0.3,12,3.78737813852918,8.21262186147082,NA,0
18,4,50,0.15,18,3.44592610341675,14.5540738965833,0.675865886428519,0
18,4,50,0.2,14,3.72799138256592,10.2720086174341,0.641129100676869,0
18,4,50,0.25,12,3.73690335710727,8.26309664289273,NA,0
18,4,50,0.3,11,3.83460673656194,7.16539326343806,NA,0
18,4,60,0.15,18,3.44592610341675,14.5540738965833,0.675865886428519,0
18,4,60,0.2,14,3.72799138256592,10.2720086174341,0.641129100676869,0
18,4,60,0.25,12,3.73690335710727,8.26309664289273,NA,0
18,4,60,0.3,11,3.83460673656194,7.16539326343806,NA,0
18,4,70,0.15,17,3.47160273323533,13.5283972667647,0.675865886428519,0
18,4,70,0.2,12,3.90681244916205,8.09318755083795,NA,0
18,4,70,0.25,12,3.90681244916205,8.09318755083795,NA,0
18,4,70,0.3,12,3.90681244916205,8.09318755083795,NA,0
18,4,80,0.15,16,3.57325423435872,12.4267457656413,0.66816997099661,0
18,4,80,0.2,14,3.6928742857789,10.3071257142211,0.646288636925759,0
18,4,80,0.25,11,3.9376144420518,7.0623855579482,NA,0
18,4,80,0.3,11,3.9376144420518,7.0623855579482,NA,0
18,4,90,0.15,14,3.29390241262316,10.7060975873768,0.66835477524737,0
18,4,90,0.2,11,3.3817017591237,7.6182982408763,NA,0
18,4,90,0.25,9,3.63433390557807,5.36566609442193,NA,0
18,4,90,0.3,9,3.63433390557807,5.36566609442193,NA,0
18,4,100,0.15,13,3.0956555206071,9.9043444793929,0.662071047480393,0
18,4,100,0.2,10,3.11368213475068,6.88631786524932,NA,0
18,4,100,0.25,9,3.23743751838211,5.76256248161789,NA,0
18,4,100,0.3,8,3.27763315372531,4.72236684627469,NA,0
20,0,20,0.15,16,3.04177216302549,12.9582278369745,0.720071964595166,0
20,0,20,0.2,11,3.15441506379445,7.84558493620555,NA,0
20,0,20,0.25,10,3.08640886702704,6.91359113297296,NA,0
20,0,20,0.3,9,3.18404047752524,5.81595952247476,NA,0
20,0,30,0.15,14,2.96680672736829,11.0331932726317,0.720071964595166,0
20,0,30,0.2,10,2.9493080310631,7.0506919689369,NA,0
20,0,30,0.25,8,3.04607734355447,4.95392265644553,NA,0
20,0,30,0.3,8,3.04607734355447,4.95392265644553,NA,0
20,0,40,0.15,11,2.52448325761599,8.47551674238401,0.72203554511779,0
20,0,40,0.2,9,2.38558437466107,6.61441562533893,NA,0
20,0,40,0.25,6,2.28651694109432,3.71348305890568,0.569735195840866,0
20,0,40,0.3,6,2.28651694109432,3.71348305890568,0.506594505326623,0
20,0,50,0.15,10,2.46670153901536,7.53329846098464,0.712533995860641,0
20,0,50,0.2,8,2.35214453205166,5.64785546794834,0.655173989049303,0
20,0,50,0.25,7,2.28512588637478,4.71487411362522,0.618290578723331,0
20,0,50,0.3,6,2.36059011687908,3.63940988312092,0.506594505326623,0
20,0,60,0.15,10,2.49302050787361,7.50697949212639,0.720772357093696,0
20,0,60,0.2,8,2.47779237292121,5.52220762707879,0.698357652472355,0
20,0,60,0.25,6,2.54157789911494,3.45842210088506,NA,0
20,0,60,0.3,6,2.54157789911494,3.45842210088506,0.506594505326623,0
20,0,70,0.15,10,2.49302050787361,7.50697949212639,0.720772357093696,0
20,0,70,0.2,8,2.47779237292121,5.52220762707879,0.698357652472355,0
20,0,70,0.25,6,2.54157789911494,3.45842210088506,NA,0
20,0,70,0.3,6,2.54157789911494,3.45842210088506,0.506594505326623,0
20,0,80,0.15,10,2.49302050787361,7.50697949212639,0.720772357093696,0
20,0,80,0.2,8,2.47779237292121,5.52220762707879,0.698357652472355,0
20,0,80,0.25,6,2.54157789911494,3.45842210088506,NA,0
20,0,80,0.3,6,2.54157789911494,3.45842210088506,0.506594505326623,0
20,0,90,0.15,9,2.43607248644,6.56392751356,0.700468211128216,0
20,0,90,0.2,7,2.43379216012854,4.56620783987146,0.649501500226412,0
20,0,90,0.25,6,2.54066461186082,3.45933538813918,NA,0
20,0,90,0.3,6,2.54066461186082,3.45933538813918,0.562442542024977,0
20,0,100,0.15,8,2.39302996930124,5.60697003069876,0.694293844898616,0
20,0,100,0.2,7,2.50183778914797,4.49816221085203,0.689450649548461,0
20,0,100,0.25,6,2.54243953280059,3.45756046719941,0.646302214696598,0
20,0,100,0.3,6,2.54243953280059,3.45756046719941,0.646302214696598,0
20,1,20,0.15,20,3.41854595599108,16.5814540440089,NA,0
20,1,20,0.2,16,3.58089733442536,12.4191026655746,NA,0
20,1,20,0.25,14,3.64145577569016,10.3585442243098,NA,0
20,1,20,0.3,12,3.62499707102086,8.37500292897914,NA,0
20,1,30,0.15,18,3.07373938251236,14.9262606174876,0.70277280889258,0
20,1,30,0.2,12,3.26082743344719,8.73917256655281,NA,0
20,1,30,0.25,11,3.20978333188215,7.79021666811785,NA,0
20,1,30,0.3,10,3.18969662666591,6.81030337333409,NA,0
20,1,40,0.15,15,2.95778833608043,12.0422116639196,0.714640057112741,0
20,1,40,0.2,9,3.04269051814984,5.95730948185016,NA,0
20,1,40,0.25,8,3.04578729480251,4.95421270519749,NA,0
20,1,40,0.3,8,3.04578729480251,4.95421270519749,NA,0
20,1,50,0.15,13,2.57785117639732,10.4221488236027,0.722537200088839,0
20,1,50,0.2,9,2.37319621397486,6.62680378602514,NA,0
20,1,50,0.25,7,2.28288744248224,4.71711255751776,NA,0
20,1,50,0.3,6,2.36185775927532,3.63814224072468,NA,0
20,1,60,0.15,12,2.55167099409481,9.44832900590519,0.726574062545036,0
20,1,60,0.2,9,2.50172816500403,6.49827183499597,0.700179484185425,0
20,1,60,0.25,6,2.54224708158798,3.45775291841202,NA,0
20,1,60,0.3,6,2.54224708158798,3.45775291841202,NA,0
20,1,70,0.15,11,2.52304516189957,8.47695483810043,0.738385538208693,0
20,1,70,0.2,9,2.50009329233803,6.49990670766197,0.700323887855086,0
20,1,70,0.25,6,2.46854693885924,3.53145306114076,0.568671815680766,0
20,1,70,0.3,6,2.46854693885924,3.53145306114076,0.506594505326623,0
20,1,80,0.15,11,2.52304516189957,8.47695483810043,0.738385538208693,0
20,1,80,0.2,9,2.50009329233803,6.49990670766197,0.700323887855086,0
20,1,80,0.25,6,2.46854693885924,3.53145306114076,0.568671815680766,0
20,1,80,0.3,6,2.46854693885924,3.53145306114076,0.506594505326623,0
20,1,90,0.15,11,2.52304516189957,8.47695483810043,0.738385538208693,0
20,1,90,0.2,9,2.50009329233803,6.49990670766197,0.700323887855086,0
20,1,90,0.25,6,2.46854693885924,3.53145306114076,0.568671815680766,0
20,1,90,0.3,6,2.46854693885924,3.53145306114076,0.506594505326623,0
20,1,100,0.15,11,2.52304516189957,8.47695483810043,0.738385538208693,0
20,1,100,0.2,9,2.50009329233803,6.49990670766197,0.700323887855086,0
20,1,100,0.25,6,2.46854693885924,3.53145306114076,0.568671815680766,0
20,1,100,0.3,6,2.46854693885924,3.53145306114076,0.506594505326623,0
20,2,20,0.15,28,3.66095779016305,24.3390422098369,NA,0
20,2,20,0.2,20,3.89953038172589,16.1004696182741,NA,0
20,2,20,0.25,17,3.89873442688609,13.1012655731139,NA,0
20,2,20,0.3,14,3.79407053225114,10.2059294677489,NA,0
20,2,30,0.15,22,3.30835956814027,18.6916404318597,NA,0
20,2,30,0.2,18,3.43164202310635,14.5683579768936,NA,0
20,2,30,0.25,12,3.49065012082295,8.50934987917705,NA,0
20,2,30,0.3,11,3.45747040395346,7.54252959604654,NA,0
20,2,40,0.15,18,3.09645769194321,14.9035423080568,0.704732976876453,0
20,2,40,0.2,12,3.27127867870242,8.72872132129758,NA,0
20,2,40,0.25,10,3.3462249637498,6.6537750362502,NA,0
20,2,40,0.3,10,3.3462249637498,6.6537750362502,NA,0
20,2,50,0.15,16,2.94782554069853,13.0521744593015,0.721410227713699,0
20,2,50,0.2,11,2.87772751255747,8.12227248744253,NA,0
20,2,50,0.25,9,3.04724594031447,5.95275405968553,NA,0
20,2,50,0.3,9,3.04724594031447,5.95275405968553,NA,0
20,2,60,0.15,14,2.72177542798446,11.2782245720155,0.731382208992239,0
20,2,60,0.2,10,2.67241046199834,7.32758953800166,NA,0
20,2,60,0.25,7,2.79165303726552,4.20834696273448,NA,0
20,2,60,0.3,7,2.79165303726552,4.20834696273448,NA,0
20,2,70,0.15,13,2.58317785254607,10.4168221474539,0.735667603731676,0
20,2,70,0.2,9,2.4955534315472,6.5044465684528,0.701175757254808,0
20,2,70,0.25,6,2.542251285156,3.457748714844,NA,0
20,2,70,0.3,6,2.542251285156,3.457748714844,NA,0
20,2,80,0.15,12,2.54290628291403,9.45709371708597,0.725369495822419,0
20,2,80,0.2,8,2.42855459179552,5.57144540820448,0.621333547954222,0
20,2,80,0.25,6,2.53990553507537,3.46009446492463,NA,0
20,2,80,0.3,6,2.53990553507537,3.46009446492463,NA,0
20,2,90,0.15,11,2.51822227702821,8.48177772297179,0.735667603731676,0
20,2,90,0.2,8,2.42902765256452,5.57097234743548,0.650421481268499,0
20,2,90,0.25,6,2.46801194606148,3.53198805393852,0.56991785212662,0
20,2,90,0.3,6,2.46801194606148,3.53198805393852,0.506594505326623,0
20,2,100,0.15,11,2.51822227702821,8.48177772297179,0.735667603731676,0
20,2,100,0.2,8,2.42902765256452,5.57097234743548,0.650421481268499,0
20,2,100,0.25,6,2.46801194606148,3.53198805393852,0.56991785212662,0
20,2,100,0.3,6,2.46801194606148,3.53198805393852,0.506594505326623,0
20,3,20,0.15,39,4.19524864568513,34.8047513543149,NA,0
20,3,20,0.2,28,4.56227822465791,23.4377217753421,NA,0
20,3,20,0.25,20,4.40329071487376,15.5967092851262,NA,0
20,3,20,0.3,18,4.33922171597199,13.660778284028,NA,0
20,3,30,0.15,30,3.85484011850351,26.1451598814965,NA,0
20,3,30,0.2,21,3.97198832821587,17.0280116717841,NA,0
20,3,30,0.25,19,4.0777246810402,14.9222753189598,NA,0
20,3,30,0.3,13,4.09870783423758,8.90129216576242,NA,0
20,3,40,0.15,24,3.79521380921571,20.2047861907843,0.670774140102963,0
20,3,40,0.2,17,4.0206113764347,12.9793886235653,NA,0
20,3,40,0.25,15,4.12266923422417,10.8773307657758,NA,0
20,3,40,0.3,14,4.15197892715974,9.84802107284026,NA,0
20,3,50,0.15,21,3.68253208576096,17.317467914239,0.696162994003153,0
20,3,50,0.2,14,4.08139556118978,9.91860443881022,NA,0
20,3,50,0.25,13,4.16488121533957,8.83511878466043,NA,0
20,3,50,0.3,13,4.16488121533957,8.83511878466043,NA,0
20,3,60,0.15,16,3.31939664857687,12.6806033514231,0.696162994003153,0
20,3,60,0.2,14,3.47695238526417,10.5230476147358,0.64359468449601,0
20,3,60,0.25,11,3.61981084264755,7.38018915735245,NA,0
20,3,60,0.3,11,3.61981084264755,7.38018915735245,NA,0
20,3,70,0.15,15,3.0313663055952,11.9686336944048,0.697981613042552,0
20,3,70,0.2,13,3.13551741064091,9.86448258935909,NA,0
20,3,70,0.25,10,3.19959222750161,6.80040777249839,NA,0
20,3,70,0.3,10,3.19959222750161,6.80040777249839,NA,0
20,3,80,0.15,14,2.87710919834503,11.122890801655,0.704547186084855,0
20,3,80,0.2,11,2.88693151844242,8.11306848155758,0.635868264817744,0
20,3,80,0.25,9,3.05811934061648,5.94188065938352,NA,0
20,3,80,0.3,9,3.05811934061648,5.94188065938352,NA,0
20,3,90,0.15,13,2.70599938350434,10.2940006164957,0.715041756389613,0
20,3,90,0.2,10,2.73743784143127,7.26256215856873,0.637649528313731,0
20,3,90,0.25,8,2.79462530753486,5.20537469246514,NA,0
20,3,90,0.3,8,2.79462530753486,5.20537469246514,0.603501548199686,0
20,3,100,0.15,13,2.70599938350434,10.2940006164957,0.715041756389613,0
20,3,100,0.2,10,2.73743784143127,7.26256215856873,0.637649528313731,0
20,3,100,0.25,8,2.79462530753486,5.20537469246514,NA,0
20,3,100,0.3,8,2.79462530753486,5.20537469246514,0.603501548199686,0
20,4,20,0.15,41,4.29889522419627,36.7011047758037,NA,0
20,4,20,0.2,29,4.62718061804333,24.3728193819567,NA,0
20,4,20,0.25,23,4.48568773692438,18.5143122630756,NA,0
20,4,20,0.3,20,4.55553678460157,15.4444632153984,NA,0
20,4,30,0.15,30,3.83024339599915,26.1697566040009,NA,0
20,4,30,0.2,21,3.93746266759385,17.0625373324062,NA,0
20,4,30,0.25,19,4.04233666489611,14.9576633351039,NA,0
20,4,30,0.3,14,4.03784794307644,9.96215205692356,NA,0
20,4,40,0.15,24,3.78591819746119,20.2140818025388,0.667998178265344,0
20,4,40,0.2,17,4.01012520815354,12.9898747918465,NA,0
20,4,40,0.25,14,4.1595243217424,9.8404756782576,NA,0
20,4,40,0.3,14,4.1595243217424,9.8404756782576,NA,0
20,4,50,0.15,21,3.66861786218802,17.331382137812,0.693376154523631,0
20,4,50,0.2,14,4.06763563318369,9.93236436681631,NA,0
20,4,50,0.25,13,4.14896477761762,8.85103522238238,NA,0
20,4,50,0.3,13,4.14896477761762,8.85103522238238,NA,0
20,4,60,0.15,17,3.26067984093683,13.7393201590632,0.67500231497344,0
20,4,60,0.2,14,3.40032339623023,10.5996766037698,NA,0
20,4,60,0.25,12,3.55633377020271,8.44366622979729,NA,0
20,4,60,0.3,11,3.59492007160191,7.40507992839809,NA,0
20,4,70,0.15,17,3.26067984093683,13.7393201590632,0.67500231497344,0
20,4,70,0.2,14,3.40032339623023,10.5996766037698,NA,0
20,4,70,0.25,12,3.55633377020271,8.44366622979729,NA,0
20,4,70,0.3,11,3.59492007160191,7.40507992839809,NA,0
20,4,80,0.15,16,3.31369037990832,12.6863096200917,0.696588193302791,0
20,4,80,0.2,13,3.38890306255666,9.61109693744334,0.614860773273098,0
20,4,80,0.25,11,3.59176242746595,7.40823757253405,NA,0
20,4,80,0.3,11,3.59176242746595,7.40823757253405,NA,0
20,4,90,0.15,14,2.89599020862336,11.1040097913766,0.707097523389289,0
20,4,90,0.2,11,2.93826150676573,8.06173849323427,0.622351730319812,0
20,4,90,0.25,9,2.98161630552339,6.01838369447661,NA,0
20,4,90,0.3,8,3.06980076584204,4.93019923415796,NA,0
20,4,100,0.15,14,2.89599020862336,11.1040097913766,0.707097523389289,0
20,4,100,0.2,11,2.93826150676573,8.06173849323427,0.622351730319812,0
20,4,100,0.25,9,2.98161630552339,6.01838369447661,NA,0
20,4,100,0.3,8,3.06980076584204,4.93019923415796,NA,0
22,0,20,0.15,17,3.23359477103263,13.7664052289674,NA,0
22,0,20,0.2,12,3.25137860721635,8.74862139278365,NA,0
22,0,20,0.25,11,3.40089224672493,7.59910775327507,NA,0
22,0,20,0.3,10,3.44564482344681,6.55435517655319,NA,0
22,0,30,0.15,12,2.83561818615457,9.16438181384543,0.735147952521898,0
22,0,30,0.2,10,2.79345522534659,7.20654477465341,0.700758147936254,0
22,0,30,0.25,7,2.75289564675462,4.24710435324538,NA,0
22,0,30,0.3,6,2.80640282501701,3.19359717498299,NA,0
22,0,40,0.15,11,2.77155121059849,8.22844878940151,0.731000638228907,0
22,0,40,0.2,9,2.7364333693367,6.2635666306633,NA,0
22,0,40,0.25,6,2.80521391883823,3.19478608116177,NA,0
22,0,40,0.3,6,2.80521391883823,3.19478608116177,NA,0
22,0,50,0.15,11,2.75373245918581,8.24626754081419,0.731024848043307,0
22,0,50,0.2,9,2.73523932071343,6.26476067928657,0.698479314499026,0
22,0,50,0.25,6,2.80404190561534,3.19595809438466,NA,0
22,0,50,0.3,6,2.80404190561534,3.19595809438466,NA,0
22,0,60,0.15,9,2.72754315189471,6.27245684810529,0.716202236588561,0
22,0,60,0.2,8,2.8032699623619,5.1967300376381,0.691100277412898,0
22,0,60,0.25,7,2.76100663563009,4.23899336436991,NA,0
22,0,60,0.3,6,2.79989331218038,3.20010668781962,NA,0
22,0,70,0.15,9,2.72754315189471,6.27245684810529,0.716202236588561,0
22,0,70,0.2,8,2.8032699623619,5.1967300376381,0.691100277412898,0
22,0,70,0.25,7,2.76100663563009,4.23899336436991,NA,0
22,0,70,0.3,6,2.79989331218038,3.20010668781962,NA,0
22,0,80,0.15,8,2.60305355290653,5.39694644709347,0.711501560266977,0
22,0,80,0.2,7,2.61824293375671,4.38175706624329,0.678930541195963,0
22,0,80,0.25,6,2.61575066053968,3.38424933946032,0.670341597072554,0
22,0,80,0.3,6,2.61575066053968,3.38424933946032,0.670341597072554,0
22,0,90,0.15,7,2.47278116368997,4.52721883631003,0.682857688426433,0
22,0,90,0.2,6,2.42161236295183,3.57838763704817,0.675286890769511,0
22,0,90,0.25,6,2.42161236295183,3.57838763704817,0.675286890769511,0
22,0,90,0.3,6,2.42161236295183,3.57838763704817,0.675286890769511,0
22,0,100,0.15,7,2.47278116368997,4.52721883631003,0.682857688426433,0
22,0,100,0.2,6,2.42161236295183,3.57838763704817,0.675286890769511,0
22,0,100,0.25,6,2.42161236295183,3.57838763704817,0.675286890769511,0
22,0,100,0.3,6,2.42161236295183,3.57838763704817,0.675286890769511,0
22,1,20,0.15,19,3.34895617489862,15.6510438251014,NA,0
22,1,20,0.2,14,3.26316403206568,10.7368359679343,NA,0
22,1,20,0.25,13,3.21537225855702,9.78462774144298,NA,0
22,1,20,0.3,8,3.24984360531241,4.75015639468759,NA,0
22,1,30,0.15,18,3.19182361968238,14.8081763803176,NA,0
22,1,30,0.2,14,3.26479579461623,10.7352042053838,NA,0
22,1,30,0.25,13,3.2156597198522,9.7843402801478,NA,0
22,1,30,0.3,9,3.29755429294423,5.70244570705577,NA,0
22,1,40,0.15,15,3.09818893002693,11.9018110699731,NA,0
22,1,40,0.2,11,3.16840237036498,7.83159762963502,NA,0
22,1,40,0.25,9,3.31629773342406,5.68370226657594,NA,0
22,1,40,0.3,9,3.31629773342406,5.68370226657594,NA,0
22,1,50,0.15,12,2.87966349190954,9.12033650809046,0.705084419545,0
22,1,50,0.2,9,2.91064477743705,6.08935522256295,NA,0
22,1,50,0.25,8,2.86959251005773,5.13040748994227,NA,0
22,1,50,0.3,8,2.86959251005773,5.13040748994227,NA,0
22,1,60,0.15,11,2.75043416910456,8.24956583089544,0.729915179658035,0
22,1,60,0.2,9,2.7331826422051,6.2668173577949,0.697915303682217,0
22,1,60,0.25,7,2.75836201533548,4.24163798466452,NA,0
22,1,60,0.3,6,2.80103976482306,3.19896023517694,NA,0
22,1,70,0.15,11,2.75043416910456,8.24956583089544,0.729915179658035,0
22,1,70,0.2,9,2.7331826422051,6.2668173577949,0.697915303682217,0
22,1,70,0.25,7,2.75836201533548,4.24163798466452,NA,0
22,1,70,0.3,6,2.80103976482306,3.19896023517694,NA,0
22,1,80,0.15,10,2.67154605543883,7.32845394456117,0.722619738532318,0
22,1,80,0.2,9,2.73269675337075,6.26730324662925,0.706779633498341,0
22,1,80,0.25,7,2.7597673884986,4.2402326115014,NA,0
22,1,80,0.3,6,2.79758932686449,3.20241067313551,NA,0
22,1,90,0.15,10,2.67154605543883,7.32845394456117,0.722619738532318,0
22,1,90,0.2,9,2.73269675337075,6.26730324662925,0.706779633498341,0
22,1,90,0.25,7,2.7597673884986,4.2402326115014,NA,0
22,1,90,0.3,6,2.79758932686449,3.20241067313551,NA,0
22,1,100,0.15,10,2.68493880768729,7.31506119231271,0.716264325706426,0
22,1,100,0.2,9,2.60695198719532,6.39304801280468,0.710889676803489,0
22,1,100,0.25,7,2.59671282694908,4.40328717305092,0.680223175430971,0
22,1,100,0.3,6,2.61187674076301,3.38812325923699,0.589182614870359,0
22,2,20,0.15,27,3.66658962393383,23.3334103760662,NA,0
22,2,20,0.2,22,3.72514708571011,18.2748529142899,NA,0
22,2,20,0.25,13,3.70320925496879,9.29679074503121,NA,0
22,2,20,0.3,11,3.51765272707772,7.48234727292228,NA,0
22,2,30,0.15,20,3.35813449910791,16.6418655008921,NA,0
22,2,30,0.2,15,3.42655414490057,11.5734458550994,NA,0
22,2,30,0.25,14,3.3919633726689,10.6080366273311,NA,0
22,2,30,0.3,10,3.46860037676496,6.53139962323504,NA,0
22,2,40,0.15,16,3.09149863516596,12.908501364834,0.699381847094885,0
22,2,40,0.2,12,3.16001835743523,8.83998164256477,NA,0
22,2,40,0.25,9,3.31129130082414,5.68870869917586,NA,0
22,2,40,0.3,9,3.31129130082414,5.68870869917586,NA,0
22,2,50,0.15,14,3.16241897186277,10.8375810281372,0.686047203885889,0
22,2,50,0.2,11,3.26374107596591,7.73625892403409,NA,0
22,2,50,0.25,9,3.29611997857854,5.70388002142146,NA,0
22,2,50,0.3,9,3.29611997857854,5.70388002142146,NA,0
22,2,60,0.15,12,2.86053779101776,9.13946220898224,0.716673331162535,0
22,2,60,0.2,9,2.90425609165404,6.09574390834596,NA,0
22,2,60,0.25,8,2.86599391724724,5.13400608275276,NA,0
22,2,60,0.3,8,2.86599391724724,5.13400608275276,NA,0
22,2,70,0.15,12,2.86053779101776,9.13946220898224,0.716673331162535,0
22,2,70,0.2,9,2.90425609165404,6.09574390834596,NA,0
22,2,70,0.25,8,2.86599391724724,5.13400608275276,NA,0
22,2,70,0.3,8,2.86599391724724,5.13400608275276,NA,0
22,2,80,0.15,11,2.7708396733006,8.2291603266994,0.719269394600088,0
22,2,80,0.2,10,2.8436339447716,7.15636605522841,0.699781192895047,0
22,2,80,0.25,8,2.79449320646318,5.20550679353682,NA,0
22,2,80,0.3,7,2.85565312485918,4.14434687514082,NA,0
22,2,90,0.15,10,2.67121068408435,7.32878931591565,0.72143136816092,0
22,2,90,0.2,9,2.73190096501449,6.26809903498551,0.705679653762048,0
22,2,90,0.25,7,2.75851233626077,4.24148766373924,NA,0
22,2,90,0.3,6,2.7958179736153,3.2041820263847,NA,0
22,2,100,0.15,10,2.68577546519163,7.31422453480837,0.714343776702504,0
22,2,100,0.2,9,2.60626701490482,6.39373298509518,0.710889162608892,0
22,2,100,0.25,7,2.5951441871374,4.4048558128626,0.680189565088653,0
22,2,100,0.3,6,2.61077520711141,3.38922479288859,0.589182614870359,0
22,3,20,0.15,41,4.35441525264945,36.6455847473505,NA,0
22,3,20,0.2,34,4.57545713789234,29.4245428621077,NA,0
22,3,20,0.25,21,4.44949977184093,16.5505002281591,NA,0
22,3,20,0.3,18,4.41315490065558,13.5868450993444,NA,0
22,3,30,0.15,30,3.95598138054126,26.0440186194587,0.703881201546396,0
22,3,30,0.2,24,4.24458097366671,19.7554190263333,NA,0
22,3,30,0.25,18,4.17963398875994,13.8203660112401,NA,0
22,3,30,0.3,14,4.32381812545846,9.67618187454154,NA,0
22,3,40,0.15,20,3.69241689162174,16.3075831083783,0.676542901784328,0
22,3,40,0.2,17,3.80531501976522,13.1946849802348,NA,0
22,3,40,0.25,14,3.95924966734457,10.0407503326554,NA,0
22,3,40,0.3,13,4.06694619598899,8.93305380401101,NA,0
22,3,50,0.15,16,3.17575511863129,12.8242448813687,0.669543683471804,0
22,3,50,0.2,13,3.24761894103435,9.75238105896565,NA,0
22,3,50,0.25,10,3.36543796076583,6.63456203923417,NA,0
22,3,50,0.3,10,3.36543796076583,6.63456203923417,NA,0
22,3,60,0.15,15,3.17648425590211,11.8235157440979,0.68678791229476,0
22,3,60,0.2,12,3.23591710956103,8.76408289043897,NA,0
22,3,60,0.25,10,3.35460054358748,6.64539945641252,NA,0
22,3,60,0.3,10,3.35460054358748,6.64539945641252,NA,0
22,3,70,0.15,14,2.88146529894991,11.1185347010501,0.701098925082991,0
22,3,70,0.2,11,2.88782616420734,8.11217383579266,NA,0
22,3,70,0.25,9,2.9511323915929,6.0488676084071,NA,0
22,3,70,0.3,9,2.9511323915929,6.0488676084071,NA,0
22,3,80,0.15,13,2.85304744517463,10.1469525548254,0.709684807378678,0
22,3,80,0.2,11,2.90223394375447,8.09776605624553,0.648849822037495,0
22,3,80,0.25,10,2.92795463786144,7.07204536213856,NA,0
22,3,80,0.3,9,2.98650453706657,6.01349546293343,NA,0
22,3,90,0.15,12,2.75030722179416,9.24969277820584,0.711261142773126,0
22,3,90,0.2,10,2.79755201620546,7.20244798379454,NA,0
22,3,90,0.25,9,2.85197318779527,6.14802681220473,NA,0
22,3,90,0.3,8,2.87860581554426,5.12139418445574,NA,0
22,3,100,0.15,11,2.71460038151648,8.28539961848352,0.709684807378678,0
22,3,100,0.2,10,2.62019701212677,7.37980298787324,0.701671997426213,0
22,3,100,0.25,8,2.63702785242269,5.36297214757731,0.66408295348357,0
22,3,100,0.3,7,2.58496880533589,4.41503119466411,0.64293116281965,0
22,4,20,0.15,41,4.33333690281063,36.6666630971894,0.71535750648472,0
22,4,20,0.2,33,4.53203098377894,28.4679690162211,NA,0
22,4,20,0.25,21,4.4000595301932,16.5999404698068,NA,0
22,4,20,0.3,17,4.30008109336609,12.6999189066339,NA,0
22,4,30,0.15,31,4.01985263822486,26.9801473617751,0.704155880748035,0
22,4,30,0.2,26,4.19984852526222,21.8001514747378,NA,0
22,4,30,0.25,20,4.11764636729997,15.8823536327,NA,0
22,4,30,0.3,15,4.06308606434787,10.9369139356521,NA,0
22,4,40,0.15,21,3.68315530801242,17.3168446919876,0.671702081133024,0
22,4,40,0.2,18,3.75391681987961,14.2460831801204,0.666322897099881,0
22,4,40,0.25,15,3.82432871714358,11.1756712828564,NA,0
22,4,40,0.3,14,3.86492454334634,10.1350754566537,NA,0
22,4,50,0.15,19,3.62915967233908,15.3708403276609,0.666322897099881,0
22,4,50,0.2,15,3.79945719062954,11.2005428093705,NA,0
22,4,50,0.25,13,3.91213385835238,9.08786614164762,NA,0
22,4,50,0.3,12,3.88683345410279,8.11316654589721,NA,0
22,4,60,0.15,17,3.61578137839397,13.384218621606,0.662685909117931,0
22,4,60,0.2,13,3.83395618156187,9.16604381843813,NA,0
22,4,60,0.25,12,3.91909675390573,8.08090324609427,NA,0
22,4,60,0.3,11,4.01693252731872,6.98306747268128,NA,0
22,4,70,0.15,16,3.33927904211543,12.6607209578846,0.659048921135981,0
22,4,70,0.2,12,3.50564190777485,8.49435809222515,NA,0
22,4,70,0.25,11,3.57514196860228,7.42485803139772,NA,0
22,4,70,0.3,10,3.66502741160569,6.33497258839431,NA,0
22,4,80,0.15,15,3.33410044328063,11.6658995567194,0.659048921135981,0
22,4,80,0.2,12,3.48929602253407,8.51070397746593,NA,0
22,4,80,0.25,12,3.48929602253407,8.51070397746593,NA,0
22,4,80,0.3,10,3.57642083402847,6.42357916597153,NA,0
22,4,90,0.15,14,3.36240966992288,10.6375903300771,0.675602753520183,0
22,4,90,0.2,11,3.61437102122849,7.38562897877151,NA,0
22,4,90,0.25,11,3.61437102122849,7.38562897877151,NA,0
22,4,90,0.3,9,3.73424693013306,5.26575306986694,NA,0
22,4,100,0.15,14,3.39715735850235,10.6028426414977,0.675602753520183,0
22,4,100,0.2,12,3.38038333478264,8.61961666521736,0.646658757758198,0
22,4,100,0.25,11,3.48652290725116,7.51347709274884,NA,0
22,4,100,0.3,9,3.54596717745719,5.45403282254281,NA,0
